[
    {
        "news_id": 1,
        "paragraph": "Marvel Studios has officially announced their latest project, 'The Eternals', set to release next summer. Directed by Chloe Zhao, the film promises to explore a new corner of the Marvel Cinematic Universe. With a star-studded cast including Angelina Jolie, Richard Madden, and Salma Hayek, fans are eagerly anticipating the arrival of this exciting addition to the superhero genre."
    },
    {
        "news_id": 1,
        "paragraph": "The Eternals, a race of immortal beings with superhuman abilities, have secretly lived on Earth for thousands of years. As they reunite to protect humanity from their ancient enemies, the Deviants, the fate of the universe hangs in the balance. With breathtaking visuals and groundbreaking storytelling, 'The Eternals' is poised to redefine the superhero genre for a new generation."
    },
    {
        "news_id": 1,
        "paragraph": "From the cosmic landscapes of distant planets to the bustling streets of modern-day cities, 'The Eternals' promises to take audiences on an epic journey unlike any other. With its diverse cast and powerful themes of family, identity, and sacrifice, the film is poised to resonate with audiences around the world. Get ready to witness the next chapter in the Marvel Cinematic Universe with 'The Eternals'!"
    },
    {
        "news_id": 2,
        "paragraph": "Legendary filmmaker Steven Spielberg is set to helm the highly anticipated 'Indiana Jones 5'. Fans can expect the iconic archaeologist to embark on a new adventure filled with thrills and excitement. With Harrison Ford reprising his role as the legendary hero, this latest installment promises to capture the spirit of the original films while delivering new twists and turns."
    },
    {
        "news_id": 2,
        "paragraph": "In 'Indiana Jones 5', our intrepid adventurer finds himself facing his most dangerous quest yet as he races against time to uncover a long-lost artifact with the power to change the course of history. From the jungles of South America to the deserts of the Middle East, Indiana Jones will stop at nothing to protect the world from the forces of darkness."
    },
    {
        "news_id": 2,
        "paragraph": "Joining Harrison Ford on his epic journey are a cast of talented newcomers and familiar faces, including Phoebe Waller-Bridge, Mads Mikkelsen, and Antonio Banderas. With its thrilling action sequences, pulse-pounding suspense, and unforgettable characters, 'Indiana Jones 5' is sure to be an adventure for the ages."
    },
    {
        "news_id": 3,
        "paragraph": "Renowned director Christopher Nolan has unveiled details about his upcoming film, which promises to be a mind-bending thriller. With a star-studded cast including Leonardo DiCaprio, Cillian Murphy, and Tom Hardy, anticipation is at an all-time high. Nolan's trademark style of intricate storytelling and stunning visuals is on full display in this ambitious new project."
    },
    {
        "news_id": 3,
        "paragraph": "Set in a dystopian future where technology has become indistinguishable from reality, the film follows a group of hackers who discover a way to manipulate people's dreams. As they delve deeper into the subconscious, they uncover a conspiracy that threatens to unravel the fabric of society itself. With its thought-provoking themes and jaw-dropping twists, Christopher Nolan's latest film is sure to leave audiences questioning the nature of reality."
    },
    {
        "news_id": 3,
        "paragraph": "From the towering skyscrapers of a futuristic metropolis to the haunting landscapes of a post-apocalyptic wasteland, Christopher Nolan's vision of the future is both breathtaking and terrifying. With its mind-bending plot twists and awe-inspiring visuals, this is one cinematic experience you won't want to miss."
    },
    {
        "news_id": 4,
        "paragraph": "Animation powerhouse Pixar has surprised fans with the announcement of 'Toy Story 5'. Buzz, Woody, and the gang return for another heartwarming adventure that is sure to delight audiences of all ages. With its beloved characters, heartfelt storytelling, and groundbreaking animation, the 'Toy Story' franchise has captured the hearts of millions around the world."
    },
    {
        "news_id": 4,
        "paragraph": "In 'Toy Story 5', our favorite toys find themselves facing their biggest challenge yet as they embark on a cross-country road trip to reunite with a long-lost friend. Along the way, they encounter new friends, old enemies, and plenty of surprises. From the excitement of the open road to the warmth of friendship, 'Toy Story 5' is a journey you won't soon forget."
    },
    {
        "news_id": 4,
        "paragraph": "Join Buzz, Woody, and the rest of the gang as they embark on an epic adventure that will test their courage, loyalty, and friendship. With its humor, heart, and message of hope, 'Toy Story 5' is a must-see for fans of all ages. Get ready to laugh, cry, and cheer as Pixar once again proves why they are the masters of animated storytelling."
    },
    {
        "news_id": 5,
        "paragraph": "After much anticipation, the latest installment in the James Bond franchise, 'No Time to Die', is finally hitting theaters. Daniel Craig's final outing as the iconic spy promises action-packed thrills and a fitting send-off. With its dazzling action sequences, globe-trotting adventure, and heart-stopping suspense, 'No Time to Die' is a must-see for fans of the series."
    },
    {
        "news_id": 5,
        "paragraph": "In 'No Time to Die', James Bond finds himself facing his most dangerous adversary yet as he races against time to stop a mysterious villain with a deadly weapon. With the help of old friends and new allies, Bond must uncover the truth behind the conspiracy before it's too late. From the streets of London to the exotic locales of Jamaica, 'No Time to Die' is a rollercoaster ride of action and intrigue."
    }
]