[
    {
        "title": "New Marvel Movie Announced: 'The Eternals'",
        "user_id": 1,
        "description": "Marvel Studios has officially announced their latest project, 'The Eternals', set to release next summer. Directed by Chloe Zhao, the film promises to explore a new corner of the Marvel Cinematic Universe.",
        "image_url" : "https://phantom-marca.unidadeditorial.es/ef865faab0a1ef31caaa6cac07db8690/crop/68x0/1311x700/resize/828/f/jpg/assets/multimedia/imagenes/2021/08/20/16294695683527.jpg"
        
    },
    {
        "title": "Steven Spielberg Returns with 'Indiana Jones 5'",
        "user_id": 1,
        "description": "Legendary filmmaker Steven Spielberg is set to helm the highly anticipated 'Indiana Jones 5'. Fans can expect the iconic archaeologist to embark on a new adventure filled with thrills and excitement.",
        "image_url" : "https://www.rollingstone.com/wp-content/uploads/2022/12/plt_dtlr1_uhd_r709f_stills_221123.088814c.jpg?w=1581&h=1054&crop=1"
    },
    {
        "title": "Christopher Nolan's Mystery Project Revealed",
        "user_id": 2,
        "description": "Renowned director Christopher Nolan has unveiled details about his upcoming film, which promises to be a mind-bending thriller. With a star-studded cast and Nolan's trademark style, anticipation is at an all-time high.",
        "image_url" : "https://miro.medium.com/v2/resize:fit:1400/1*yhd5QHeecAiB5QjtFfuIzg.jpeg"
    },
    {
        "title": "Pixar Announces 'Toy Story 5'",
        "user_id": 2,
        "description": "Animation powerhouse Pixar has surprised fans with the announcement of 'Toy Story 5'. Buzz, Woody, and the gang return for another heartwarming adventure that is sure to delight audiences of all ages.",
        "image_url" : "https://i.ytimg.com/vi/08nUTrQ1tKI/maxresdefault.jpg"
    },
    {
        "title": "New James Bond Film, 'No Time to Die', Hits Theaters",
        "user_id": 3,
        "description": "After much anticipation, the latest installment in the James Bond franchise, 'No Time to Die', is finally hitting theaters. Daniel Craig's final outing as the iconic spy promises action-packed thrills and a fitting send-off.",
        "image_url" : "https://upload.wikimedia.org/wikipedia/id/2/2f/Poster_NTTD.jpg"
    }
]
